case_number,origin_id,origin_lat,origin_lon,destination_id,label,category,destination_lat,destination_lon,travel_time_minutes,model_time_band,planner_url,planner_minutes,planner_no_route,planner_itinerary_notes,reviewer,reviewed_at,service_date,departure,departure_seconds,arrival_seconds,reachable,absolute_difference_minutes
0,13089021505,33.8093253,-84.3268623,osm-way-933073925,Children's Healthcare of Atlanta Arthur M. Blank Hospital,hospital,33.8317764,-84.3304304,60.016666666666666,00_30_minutes,https://itsmarta.com/ride/planner?from=33.8093253%2C-84.3268623%3A%3A33.8093253%2C-84.3268623&to=33.8317764%2C-84.3304304%3A%3A33.8317764%2C-84.3304304&depArr=DEPART_AT&date=2026-09-14&time=08%3A00&results=true,43,False,First itinerary shown by MARTA Rider Tools; timestamped URL query.,Automated public MARTA Rider Tools review,2026-09-07T18:33:30+00:00,20260914,08:00,28800,32401,True,17.016666666666666
1,13121000601,33.7833623,-84.4072524,osm-node-12619410960,Atlanta Mission - Fuqua Hall,shelter,33.7651508,-84.3922719,30.883333333333333,00_30_minutes,https://itsmarta.com/ride/planner?from=33.7833623%2C-84.4072524%3A%3A33.7833623%2C-84.4072524&to=33.7651508%2C-84.3922719%3A%3A33.7651508%2C-84.3922719&depArr=DEPART_AT&date=2026-09-14&time=08%3A00&results=true,32,False,First itinerary shown by MARTA Rider Tools; timestamped URL query.,Automated public MARTA Rider Tools review,2026-09-07T18:33:30+00:00,20260914,08:00,28800,30653,True,1.1166666666666671
2,13121001702,33.7657765,-84.364279,osm-way-270358285,Atlanta Mission - The Sheperd's Inn,shelter,33.7649813,-84.3926493,25.516666666666666,00_30_minutes,https://itsmarta.com/ride/planner?from=33.7657765%2C-84.364279%3A%3A33.7657765%2C-84.364279&to=33.7649813%2C-84.3926493%3A%3A33.7649813%2C-84.3926493&depArr=DEPART_AT&date=2026-09-14&time=08%3A00&results=true,12,False,First itinerary shown by MARTA Rider Tools; timestamped URL query.,Automated public MARTA Rider Tools review,2026-09-07T18:33:30+00:00,20260914,08:00,28800,30331,True,13.516666666666666
3,13121009405,33.8210234,-84.3680894,osm-way-388806051,DriveThru Urgent Care,clinic,33.7989942,-84.4158255,45.28333333333333,00_30_minutes,https://itsmarta.com/ride/planner?from=33.8210234%2C-84.3680894%3A%3A33.8210234%2C-84.3680894&to=33.7989942%2C-84.4158255%3A%3A33.7989942%2C-84.4158255&depArr=DEPART_AT&date=2026-09-14&time=08%3A00&results=true,37,False,First itinerary shown by MARTA Rider Tools; timestamped URL query.,Automated public MARTA Rider Tools review,2026-09-07T18:33:30+00:00,20260914,08:00,28800,31517,True,8.283333333333331
4,13089021415,33.8397088,-84.3448974,osm-way-51302619,Emory Clinic Building A,clinic,33.7924639,-84.3203419,49.11666666666667,31_60_minutes,https://itsmarta.com/ride/planner?from=33.8397088%2C-84.3448974%3A%3A33.8397088%2C-84.3448974&to=33.7924639%2C-84.3203419%3A%3A33.7924639%2C-84.3203419&depArr=DEPART_AT&date=2026-09-14&time=08%3A00&results=true,39,False,First itinerary shown by MARTA Rider Tools; timestamped URL query.,Automated public MARTA Rider Tools review,2026-09-07T18:33:30+00:00,20260914,08:00,28800,31747,True,10.116666666666667
5,13089023801,33.7174077,-84.3384079,osm-node-14080656819,Planned Parenthood,clinic,33.7420749,-84.3489256,34.8,31_60_minutes,https://itsmarta.com/ride/planner?from=33.7174077%2C-84.3384079%3A%3A33.7174077%2C-84.3384079&to=33.7420749%2C-84.3489256%3A%3A33.7420749%2C-84.3489256&depArr=DEPART_AT&date=2026-09-14&time=08%3A00&results=true,34,False,First itinerary shown by MARTA Rider Tools; timestamped URL query.,Automated public MARTA Rider Tools review,2026-09-07T18:33:30+00:00,20260914,08:00,28800,30888,True,0.7999999999999972
6,13121006900,33.7183138,-84.3587699,osm-node-367913296,Atlanta Fire Station 19,fire_station,33.7835926,-84.354292,61.28333333333333,31_60_minutes,https://itsmarta.com/ride/planner?from=33.7183138%2C-84.3587699%3A%3A33.7183138%2C-84.3587699&to=33.7835926%2C-84.354292%3A%3A33.7835926%2C-84.354292&depArr=DEPART_AT&date=2026-09-14&time=08%3A00&results=true,60,False,First itinerary shown by MARTA Rider Tools; timestamped URL query.,Automated public MARTA Rider Tools review,2026-09-07T18:33:30+00:00,20260914,08:00,28800,32477,True,1.2833333333333314
7,13121009504,33.843759,-84.3861271,osm-node-12124841474,Stamps Health Services,hospital,33.7748461,-84.4031125,66.88333333333334,31_60_minutes,https://itsmarta.com/ride/planner?from=33.843759%2C-84.3861271%3A%3A33.843759%2C-84.3861271&to=33.7748461%2C-84.4031125%3A%3A33.7748461%2C-84.4031125&depArr=DEPART_AT&date=2026-09-14&time=08%3A00&results=true,58,False,First itinerary shown by MARTA Rider Tools; timestamped URL query.,Automated public MARTA Rider Tools review,2026-09-07T18:33:30+00:00,20260914,08:00,28800,32813,True,8.88333333333334
8,13089022800,33.7630331,-84.289584,osm-node-367913297,Atlanta Fire Rescue Department - Fire Station 29,fire_station,33.8106,-84.3691,72.73333333333333,61_90_minutes,https://itsmarta.com/ride/planner?from=33.7630331%2C-84.289584%3A%3A33.7630331%2C-84.289584&to=33.8106%2C-84.3691%3A%3A33.8106%2C-84.3691&depArr=DEPART_AT&date=2026-09-14&time=08%3A00&results=true,72,False,First itinerary shown by MARTA Rider Tools; timestamped URL query.,Automated public MARTA Rider Tools review,2026-09-07T18:33:30+00:00,20260914,08:00,28800,33164,True,0.7333333333333343
9,13121001101,33.7854972,-84.3830749,osm-way-1221469441,VA Medical Center,hospital,33.8016254,-84.3113223,55.96666666666667,61_90_minutes,https://itsmarta.com/ride/planner?from=33.7854972%2C-84.3830749%3A%3A33.7854972%2C-84.3830749&to=33.8016254%2C-84.3113223%3A%3A33.8016254%2C-84.3113223&depArr=DEPART_AT&date=2026-09-14&time=08%3A00&results=true,61,False,First itinerary shown by MARTA Rider Tools; timestamped URL query.,Automated public MARTA Rider Tools review,2026-09-07T18:33:30+00:00,20260914,08:00,28800,32158,True,5.033333333333331
10,13121003800,33.7508286,-84.412023,osm-way-366848935,DeKalb County Fire Rescue - Station 10,fire_station,33.6892331,-84.3211184,79.36666666666666,61_90_minutes,https://itsmarta.com/ride/planner?from=33.7508286%2C-84.412023%3A%3A33.7508286%2C-84.412023&to=33.6892331%2C-84.3211184%3A%3A33.6892331%2C-84.3211184&depArr=DEPART_AT&date=2026-09-14&time=08%3A00&results=true,57,False,First itinerary shown by MARTA Rider Tools; timestamped URL query.,Automated public MARTA Rider Tools review,2026-09-07T18:33:30+00:00,20260914,08:00,28800,33562,True,22.36666666666666
11,13121008903,33.816582,-84.4403338,osm-node-367913299,Atlanta Station 12 Fire Station,fire_station,33.7615015,-84.3453428,76.63333333333334,61_90_minutes,https://itsmarta.com/ride/planner?from=33.816582%2C-84.4403338%3A%3A33.816582%2C-84.4403338&to=33.7615015%2C-84.3453428%3A%3A33.7615015%2C-84.3453428&depArr=DEPART_AT&date=2026-09-14&time=08%3A00&results=true,68,False,First itinerary shown by MARTA Rider Tools; timestamped URL query.,Automated public MARTA Rider Tools review,2026-09-07T18:33:30+00:00,20260914,08:00,28800,33398,True,8.63333333333334
12,13089020300,33.7659943,-84.329647,osm-relation-3612501,Emory University Hospital Midtown,hospital,33.7689876,-84.3863016,46.583333333333336,no_scheduled_arrival,https://itsmarta.com/ride/planner?from=33.7659943%2C-84.329647%3A%3A33.7659943%2C-84.329647&to=33.7689876%2C-84.3863016%3A%3A33.7689876%2C-84.3863016&depArr=DEPART_AT&date=2026-09-14&time=08%3A00&results=true,49,False,First itinerary shown by MARTA Rider Tools; timestamped URL query.,Automated public MARTA Rider Tools review,2026-09-07T18:33:30+00:00,20260914,08:00,28800,31595,True,2.4166666666666643
13,13089020300,33.7659943,-84.329647,osm-way-269548092,Atlanta Fire Rescue - Station 38,fire_station,33.7819618,-84.483426,67.06666666666666,no_scheduled_arrival,https://itsmarta.com/ride/planner?from=33.7659943%2C-84.329647%3A%3A33.7659943%2C-84.329647&to=33.7819618%2C-84.483426%3A%3A33.7819618%2C-84.483426&depArr=DEPART_AT&date=2026-09-14&time=08%3A00&results=true,70,False,First itinerary shown by MARTA Rider Tools; timestamped URL query.,Automated public MARTA Rider Tools review,2026-09-07T18:33:30+00:00,20260914,08:00,28800,32824,True,2.933333333333337
14,13089022403,33.7761539,-84.3212938,osm-node-11296519692,Fresenius Kidney Care,clinic,33.7475211,-84.2927282,47.78333333333333,no_scheduled_arrival,https://itsmarta.com/ride/planner?from=33.7761539%2C-84.3212938%3A%3A33.7761539%2C-84.3212938&to=33.7475211%2C-84.2927282%3A%3A33.7475211%2C-84.2927282&depArr=DEPART_AT&date=2026-09-14&time=08%3A00&results=true,47,False,First itinerary shown by MARTA Rider Tools; timestamped URL query.,Automated public MARTA Rider Tools review,2026-09-07T18:33:30+00:00,20260914,08:00,28800,31667,True,0.7833333333333314
15,13121009501,33.830825,-84.3962959,osm-way-348402902,Gateway Center,shelter,33.7476293,-84.3945414,59.983333333333334,no_scheduled_arrival,https://itsmarta.com/ride/planner?from=33.830825%2C-84.3962959%3A%3A33.830825%2C-84.3962959&to=33.7476293%2C-84.3945414%3A%3A33.7476293%2C-84.3945414&depArr=DEPART_AT&date=2026-09-14&time=08%3A00&results=true,54,False,First itinerary shown by MARTA Rider Tools; timestamped URL query.,Automated public MARTA Rider Tools review,2026-09-07T18:33:30+00:00,20260914,08:00,28800,32399,True,5.983333333333334
16,13089023801,33.7174077,-84.3384079,osm-node-367913232,Atlanta Station 26 Fire Station,fire_station,33.8373,-84.4211,103.05,over_90_minutes,https://itsmarta.com/ride/planner?from=33.7174077%2C-84.3384079%3A%3A33.7174077%2C-84.3384079&to=33.8373%2C-84.4211%3A%3A33.8373%2C-84.4211&depArr=DEPART_AT&date=2026-09-14&time=08%3A00&results=true,93,False,First itinerary shown by MARTA Rider Tools; timestamped URL query.,Automated public MARTA Rider Tools review,2026-09-07T18:33:30+00:00,20260914,08:00,28800,34983,True,10.049999999999997
17,13121007604,33.7011327,-84.4654691,osm-way-366848935,DeKalb County Fire Rescue - Station 10,fire_station,33.6892331,-84.3211184,100.61666666666666,over_90_minutes,https://itsmarta.com/ride/planner?from=33.7011327%2C-84.4654691%3A%3A33.7011327%2C-84.4654691&to=33.6892331%2C-84.3211184%3A%3A33.6892331%2C-84.3211184&depArr=DEPART_AT&date=2026-09-14&time=08%3A00&results=true,86,False,First itinerary shown by MARTA Rider Tools; timestamped URL query.,Automated public MARTA Rider Tools review,2026-09-07T18:33:30+00:00,20260914,08:00,28800,34837,True,14.61666666666666
18,13121007900,33.7322875,-84.4915565,osm-node-367913296,Atlanta Fire Station 19,fire_station,33.7835926,-84.354292,91.28333333333332,over_90_minutes,https://itsmarta.com/ride/planner?from=33.7322875%2C-84.4915565%3A%3A33.7322875%2C-84.4915565&to=33.7835926%2C-84.354292%3A%3A33.7835926%2C-84.354292&depArr=DEPART_AT&date=2026-09-14&time=08%3A00&results=true,78,False,First itinerary shown by MARTA Rider Tools; timestamped URL query.,Automated public MARTA Rider Tools review,2026-09-07T18:33:30+00:00,20260914,08:00,28800,34277,True,13.283333333333317
19,13121008903,33.816582,-84.4403338,osm-relation-3669728,Unnamed clinic,clinic,33.6805066,-84.4267608,94.88333333333334,over_90_minutes,https://itsmarta.com/ride/planner?from=33.816582%2C-84.4403338%3A%3A33.816582%2C-84.4403338&to=33.6805066%2C-84.4267608%3A%3A33.6805066%2C-84.4267608&depArr=DEPART_AT&date=2026-09-14&time=08%3A00&results=true,71,False,First itinerary shown by MARTA Rider Tools; timestamped URL query.,Automated public MARTA Rider Tools review,2026-09-07T18:33:30+00:00,20260914,08:00,28800,34493,True,23.88333333333334
