origin_id,destination_id,leg_order,kind,from_stop,to_stop,trip_id,start_seconds,end_seconds,parent_kind
13121001001::polygon::2,osm-way-270494114,0,access_walk,,907913,,28800.0,29124.993826452905,
13121001001::polygon::2,osm-way-270494114,1,ride,907913,908911,11750659,29160.0,29220.0,direct
13121001001::polygon::2,osm-way-270494114,2,ride,908911,907842,11750659,29220.0,29280.0,direct
13121001001::polygon::2,osm-way-270494114,3,ride,907842,908976,11750659,29280.0,29400.0,direct
13121001001::polygon::2,osm-way-270494114,4,transfer_walk,908976,500200,,29400.0,29456.028795355713,
13121001001::polygon::2,osm-way-270494114,5,ride,500200,103134,11698263,29582.0,29644.0,walking
13121001001::polygon::2,osm-way-270494114,6,ride,103134,102228,11698263,29644.0,29676.0,direct
13121001001::polygon::2,osm-way-270494114,7,ride,102228,103138,11698263,29676.0,29695.0,direct
13121001001::polygon::2,osm-way-270494114,8,ride,103138,102282,11698263,29695.0,29721.0,direct
13121001001::polygon::2,osm-way-270494114,9,ride,102282,210555,11782241,29783.0,29817.0,direct
13121001001::polygon::2,osm-way-270494114,10,ride,210555,213732,11782241,29817.0,29862.0,direct
13121001001::polygon::2,osm-way-270494114,11,egress_walk,213732,,,29862.0,30335.996774823394,
13121001002::polygon::2,osm-way-252608923,0,access_walk,,904668,,28800.0,29392.546034050807,
13121001002::polygon::2,osm-way-252608923,1,ride,904668,905019,11698798,29484.0,29523.0,direct
13121001002::polygon::2,osm-way-252608923,2,ride,905019,905017,11698798,29523.0,29558.0,direct
13121001002::polygon::2,osm-way-252608923,3,ride,905017,904287,11698798,29558.0,29602.0,direct
13121001002::polygon::2,osm-way-252608923,4,ride,904287,904286,11698798,29602.0,29628.0,direct
13121001002::polygon::2,osm-way-252608923,5,ride,904286,904349,11698798,29628.0,29689.0,direct
13121001002::polygon::2,osm-way-252608923,6,ride,904349,214116,11698798,29689.0,29760.0,direct
13121001002::polygon::2,osm-way-252608923,7,transfer_walk,214116,908374,,29760.0,29779.228099161548,
13121001002::polygon::2,osm-way-252608923,8,ride,908374,907913,11748333,30000.0,30060.0,walking
13121001002::polygon::2,osm-way-252608923,9,ride,907913,908911,11748333,30060.0,30120.0,direct
13121001002::polygon::2,osm-way-252608923,10,ride,908911,907842,11748333,30120.0,30180.0,direct
13121001002::polygon::2,osm-way-252608923,11,egress_walk,907842,,,30180.0,30515.078613507747,
13121001102::polygon::1,osm-node-4237695952,0,access_walk,,908375,,28800.0,29061.345774503356,
13121001102::polygon::1,osm-node-4237695952,1,transfer_walk,908375,908374,,29061.345774503356,29070.384779986587,
13121001102::polygon::1,osm-node-4237695952,2,ride,908374,907913,11748332,29400.0,29460.0,walking
13121001102::polygon::1,osm-node-4237695952,3,ride,907913,908911,11748332,29460.0,29520.0,direct
13121001102::polygon::1,osm-node-4237695952,4,ride,908911,907842,11748332,29520.0,29580.0,direct
13121001102::polygon::1,osm-node-4237695952,5,ride,907842,908976,11748332,29580.0,29700.0,direct
13121001102::polygon::1,osm-node-4237695952,6,ride,908976,907843,11748332,29700.0,29820.0,direct
13121001102::polygon::1,osm-node-4237695952,7,egress_walk,907843,,,29820.0,30119.19740322068,
13121012000::polygon::0,osm-way-269999028,0,access_walk,,102546,,28800.0,29010.466261573703,
13121012000::polygon::0,osm-way-269999028,1,ride,102546,213760,11710363,29122.0,29235.0,direct
13121012000::polygon::0,osm-way-269999028,2,ride,213760,500211,11710363,29235.0,29360.0,direct
13121012000::polygon::0,osm-way-269999028,3,ride,500211,210555,11710363,29360.0,29413.0,direct
13121012000::polygon::0,osm-way-269999028,4,ride,210555,214361,11708670,29889.0,29994.0,direct
13121012000::polygon::0,osm-way-269999028,5,ride,214361,214362,11708670,29994.0,30075.0,direct
13121012000::polygon::0,osm-way-269999028,6,ride,214362,214363,11708670,30075.0,30126.0,direct
13121012000::polygon::0,osm-way-269999028,7,ride,214363,901148,11708670,30126.0,30252.0,direct
13121012000::polygon::0,osm-way-269999028,8,ride,901148,900689,11708670,30252.0,30322.0,direct
13121012000::polygon::0,osm-way-269999028,9,ride,900689,900690,11708670,30322.0,30387.0,direct
13121012000::polygon::0,osm-way-269999028,10,ride,900690,600055,11708670,30387.0,30421.0,direct
13121012000::polygon::0,osm-way-269999028,11,egress_walk,600055,,,30421.0,30528.70977913984,
13089020300::polygon::3,osm-node-358780362,0,access_walk,,908566,,28800.0,29999.6931504693,
13089020300::polygon::3,osm-node-358780362,1,ride,908566,908700,11747041,30480.0,30660.0,direct
13089020300::polygon::3,osm-node-358780362,2,transfer_walk,908700,904988,,30660.0,30826.015071072816,
13089020300::polygon::3,osm-node-358780362,3,ride,904988,213998,11700833,30987.0,31031.0,walking
13089020300::polygon::3,osm-node-358780362,4,ride,213998,213995,11700833,31031.0,31080.0,direct
13089020300::polygon::3,osm-node-358780362,5,ride,213995,212904,11700833,31080.0,31127.0,direct
13089020300::polygon::3,osm-node-358780362,6,ride,212904,904744,11700833,31127.0,31192.0,direct
13089020300::polygon::3,osm-node-358780362,7,ride,904744,904861,11700833,31192.0,31232.0,direct
13089020300::polygon::3,osm-node-358780362,8,ride,904861,905101,11700833,31232.0,31275.0,direct
13089020300::polygon::3,osm-node-358780362,9,ride,905101,905102,11700833,31275.0,31306.0,direct
13089020300::polygon::3,osm-node-358780362,10,ride,905102,905103,11700833,31306.0,31398.0,direct
13089020300::polygon::3,osm-node-358780362,11,ride,905103,905104,11700833,31398.0,31453.0,direct
13089020300::polygon::3,osm-node-358780362,12,ride,905104,905986,11700833,31453.0,31531.0,direct
13089020300::polygon::3,osm-node-358780362,13,ride,905986,905912,11700833,31531.0,31586.0,direct
13089020300::polygon::3,osm-node-358780362,14,ride,905912,905436,11700833,31586.0,31680.0,direct
13089020300::polygon::3,osm-node-358780362,15,ride,905436,905437,11700833,31680.0,31723.0,direct
13089020300::polygon::3,osm-node-358780362,16,ride,905437,905553,11700833,31723.0,31747.0,direct
13089020300::polygon::3,osm-node-358780362,17,ride,905553,901729,11700833,31747.0,31787.0,direct
13089020300::polygon::3,osm-node-358780362,18,ride,901729,901840,11700833,31787.0,31815.0,direct
13089020300::polygon::3,osm-node-358780362,19,ride,901840,901842,11700833,31815.0,31852.0,direct
13089020300::polygon::3,osm-node-358780362,20,ride,901842,901492,11700833,31852.0,31912.0,direct
13089020300::polygon::3,osm-node-358780362,21,ride,901492,901560,11700833,31912.0,31955.0,direct
13089020300::polygon::3,osm-node-358780362,22,ride,901560,901561,11700833,31955.0,31991.0,direct
13089020300::polygon::3,osm-node-358780362,23,egress_walk,901561,,,31991.0,32076.070329769154,
13089021415::polygon::4,osm-way-886340463,0,access_walk,,905331,,28800.0,28889.298890219474,
13089021415::polygon::4,osm-way-886340463,1,ride,905331,214195,11701450,28912.0,28947.0,direct
13089021415::polygon::4,osm-way-886340463,2,ride,214195,214192,11701450,28947.0,29089.0,direct
13089021415::polygon::4,osm-way-886340463,3,ride,214192,214193,11701450,29089.0,29128.0,direct
13089021415::polygon::4,osm-way-886340463,4,ride,214193,214233,11701450,29128.0,29177.0,direct
13089021415::polygon::4,osm-way-886340463,5,ride,214233,214037,11701450,29177.0,29243.0,direct
13089021415::polygon::4,osm-way-886340463,6,ride,214037,500260,11701450,29243.0,29340.0,direct
13089021415::polygon::4,osm-way-886340463,7,transfer_walk,500260,908717,,29340.0,29403.461219230052,
13089021415::polygon::4,osm-way-886340463,8,ride,908717,908054,11748334,30060.0,30240.0,walking
13089021415::polygon::4,osm-way-886340463,9,ride,908054,906370,11748334,30240.0,30480.0,direct
13089021415::polygon::4,osm-way-886340463,10,ride,906370,908374,11748334,30480.0,30600.0,direct
13089021415::polygon::4,osm-way-886340463,11,ride,908374,907913,11748334,30600.0,30660.0,direct
13089021415::polygon::4,osm-way-886340463,12,ride,907913,908911,11748334,30660.0,30720.0,direct
13089021415::polygon::4,osm-way-886340463,13,egress_walk,908911,,,30720.0,31163.509028969103,
13089022601::polygon::1,osm-node-12776430676,0,access_walk,,904582,,28800.0,29839.902251484073,
13089022601::polygon::1,osm-node-12776430676,1,ride,904582,213996,11700913,29980.0,30060.0,direct
13089022601::polygon::1,osm-node-12776430676,2,ride,213996,213999,11700913,30060.0,30113.0,direct
13089022601::polygon::1,osm-node-12776430676,3,transfer_walk,213999,908475,,30113.0,30171.511377794795,
13089022601::polygon::1,osm-node-12776430676,4,ride,908475,908567,11747165,30540.0,30720.0,walking
13089022601::polygon::1,osm-node-12776430676,5,ride,908567,908476,11747165,30720.0,30900.0,direct
13089022601::polygon::1,osm-node-12776430676,6,ride,908476,908692,11747165,30900.0,31020.0,direct
13089022601::polygon::1,osm-node-12776430676,7,ride,908692,908693,11747165,31020.0,31200.0,direct
13089022601::polygon::1,osm-node-12776430676,8,ride,908693,908618,11747165,31200.0,31320.0,direct
13089022601::polygon::1,osm-node-12776430676,9,ride,908618,908990,11747165,31320.0,31380.0,direct
13089022601::polygon::1,osm-node-12776430676,10,egress_walk,908990,,,31380.0,31695.65754363887,
13089023801::polygon::0,osm-node-367913254,0,access_walk,,105040,,28800.0,30501.948215162614,
13089023801::polygon::0,osm-node-367913254,1,ride,105040,105042,11703467,30576.0,30592.0,direct
13089023801::polygon::0,osm-node-367913254,2,ride,105042,105044,11703467,30592.0,30635.0,direct
13089023801::polygon::0,osm-node-367913254,3,ride,105044,213722,11703467,30635.0,30662.0,direct
13089023801::polygon::0,osm-node-367913254,4,ride,213722,105251,11703467,30662.0,30676.0,direct
13089023801::polygon::0,osm-node-367913254,5,ride,105251,105252,11703467,30676.0,30689.0,direct
13089023801::polygon::0,osm-node-367913254,6,ride,105252,105574,11703467,30689.0,30718.0,direct
13089023801::polygon::0,osm-node-367913254,7,ride,105574,105260,11703467,30718.0,30756.0,direct
13089023801::polygon::0,osm-node-367913254,8,ride,105260,106478,11703467,30756.0,30777.0,direct
13089023801::polygon::0,osm-node-367913254,9,ride,106478,106178,11703467,30777.0,30800.0,direct
13089023801::polygon::0,osm-node-367913254,10,ride,106178,106184,11703467,30800.0,30831.0,direct
13089023801::polygon::0,osm-node-367913254,11,ride,106184,106186,11703467,30831.0,30848.0,direct
13089023801::polygon::0,osm-node-367913254,12,ride,106186,106190,11703467,30848.0,30892.0,direct
13089023801::polygon::0,osm-node-367913254,13,ride,106190,106196,11703467,30892.0,30925.0,direct
13089023801::polygon::0,osm-node-367913254,14,ride,106196,106200,11703467,30925.0,30947.0,direct
13089023801::polygon::0,osm-node-367913254,15,ride,106200,106204,11703467,30947.0,30958.0,direct
13089023801::polygon::0,osm-node-367913254,16,ride,106204,106210,11703467,30958.0,30981.0,direct
13089023801::polygon::0,osm-node-367913254,17,ride,106210,106216,11703467,30981.0,31020.0,direct
13089023801::polygon::0,osm-node-367913254,18,egress_walk,106216,,,31020.0,31930.820621251645,
13089023803::polygon::0,osm-node-367913320,0,access_walk,,212973,,28800.0,29872.15286573898,
13089023803::polygon::0,osm-node-367913320,1,ride,212973,211412,11705670,29916.0,29938.0,direct
13089023803::polygon::0,osm-node-367913320,2,ride,211412,212898,11705670,29938.0,29978.0,direct
13089023803::polygon::0,osm-node-367913320,3,ride,212898,214104,11705670,29978.0,29992.0,direct
13089023803::polygon::0,osm-node-367913320,4,ride,214104,212864,11705670,29992.0,30060.0,direct
13089023803::polygon::0,osm-node-367913320,5,ride,212864,211183,11705670,30060.0,30112.0,direct
13089023803::polygon::0,osm-node-367913320,6,ride,211183,129212,11705670,30112.0,30126.0,direct
13089023803::polygon::0,osm-node-367913320,7,ride,129212,129214,11705670,30126.0,30142.0,direct
13089023803::polygon::0,osm-node-367913320,8,ride,129214,129152,11705670,30142.0,30177.0,direct
13089023803::polygon::0,osm-node-367913320,9,ride,129152,106342,11705670,30177.0,30213.0,direct
13089023803::polygon::0,osm-node-367913320,10,ride,106342,106346,11705670,30213.0,30256.0,direct
13089023803::polygon::0,osm-node-367913320,11,ride,106346,106350,11705670,30256.0,30286.0,direct
13089023803::polygon::0,osm-node-367913320,12,ride,106350,106352,11705670,30286.0,30312.0,direct
13089023803::polygon::0,osm-node-367913320,13,ride,106352,106354,11705670,30312.0,30343.0,direct
13089023803::polygon::0,osm-node-367913320,14,ride,106354,211704,11705670,30343.0,30371.0,direct
13089023803::polygon::0,osm-node-367913320,15,ride,211704,105264,11705670,30371.0,30400.0,direct
13089023803::polygon::0,osm-node-367913320,16,ride,105264,900134,11705670,30400.0,30420.0,direct
13089023803::polygon::0,osm-node-367913320,17,ride,900134,900062,11705670,30420.0,30465.0,direct
13089023803::polygon::0,osm-node-367913320,18,ride,900062,900063,11705670,30465.0,30525.0,direct
13089023803::polygon::0,osm-node-367913320,19,ride,900063,106366,11705670,30525.0,30618.0,direct
13089023803::polygon::0,osm-node-367913320,20,ride,106366,211666,11705670,30618.0,30650.0,direct
13089023803::polygon::0,osm-node-367913320,21,ride,211666,106402,11705670,30650.0,30689.0,direct
13089023803::polygon::0,osm-node-367913320,22,ride,106402,904980,11705670,30689.0,30709.0,direct
13089023803::polygon::0,osm-node-367913320,23,ride,904980,905094,11705670,30709.0,30732.0,direct
13089023803::polygon::0,osm-node-367913320,24,ride,905094,905095,11705670,30732.0,30760.0,direct
13089023803::polygon::0,osm-node-367913320,25,ride,905095,905096,11705670,30760.0,30780.0,direct
13089023803::polygon::0,osm-node-367913320,26,ride,905096,905148,11705670,30780.0,30835.0,direct
13089023803::polygon::0,osm-node-367913320,27,ride,905148,500180,11705670,30835.0,30900.0,direct
13089023803::polygon::0,osm-node-367913320,28,transfer_walk,500180,908567,,30900.0,30961.194101031888,
13089023803::polygon::0,osm-node-367913320,29,ride,908567,908476,11747166,31320.0,31500.0,walking
13089023803::polygon::0,osm-node-367913320,30,ride,908476,908692,11747166,31500.0,31620.0,direct
13089023803::polygon::0,osm-node-367913320,31,ride,908692,908693,11747166,31620.0,31800.0,direct
13089023803::polygon::0,osm-node-367913320,32,ride,908693,908618,11747166,31800.0,31920.0,direct
13089023803::polygon::0,osm-node-367913320,33,transfer_walk,908618,500350,,31920.0,31966.99570944133,
13089023803::polygon::0,osm-node-367913320,34,ride,500350,213862,11782176,32400.0,32417.0,walking
13089023803::polygon::0,osm-node-367913320,35,ride,213862,213863,11710330,32435.0,32482.0,direct
13089023803::polygon::0,osm-node-367913320,36,ride,213863,102028,11710330,32482.0,32585.0,direct
13089023803::polygon::0,osm-node-367913320,37,ride,102028,102026,11710330,32585.0,32604.0,direct
13089023803::polygon::0,osm-node-367913320,38,ride,102026,102544,11710330,32604.0,32652.0,direct
13089023803::polygon::0,osm-node-367913320,39,ride,102544,102052,11710330,32652.0,32683.0,direct
13089023803::polygon::0,osm-node-367913320,40,ride,102052,102053,11710330,32683.0,32699.0,direct
13089023803::polygon::0,osm-node-367913320,41,ride,102053,115002,11710330,32699.0,32722.0,direct
13089023803::polygon::0,osm-node-367913320,42,ride,115002,115004,11710330,32722.0,32744.0,direct
13089023803::polygon::0,osm-node-367913320,43,ride,115004,213641,11710330,32744.0,32791.0,direct
13089023803::polygon::0,osm-node-367913320,44,ride,213641,115202,11710330,32791.0,32811.0,direct
13089023803::polygon::0,osm-node-367913320,45,ride,115202,115012,11710330,32811.0,32862.0,direct
13089023803::polygon::0,osm-node-367913320,46,ride,115012,115016,11710330,32862.0,32905.0,direct
13089023803::polygon::0,osm-node-367913320,47,ride,115016,115052,11707301,33228.0,33282.0,direct
13089023803::polygon::0,osm-node-367913320,48,ride,115052,125036,11707301,33282.0,33360.0,direct
13089023803::polygon::0,osm-node-367913320,49,ride,125036,125038,11707301,33360.0,33382.0,direct
13089023803::polygon::0,osm-node-367913320,50,ride,125038,125074,11707301,33382.0,33418.0,direct
13089023803::polygon::0,osm-node-367913320,51,ride,125074,214224,11707301,33418.0,33445.0,direct
13089023803::polygon::0,osm-node-367913320,52,ride,214224,214223,11707301,33445.0,33478.0,direct
13089023803::polygon::0,osm-node-367913320,53,ride,214223,125235,11707301,33478.0,33497.0,direct
13089023803::polygon::0,osm-node-367913320,54,ride,125235,138034,11707301,33497.0,33552.0,direct
13089023803::polygon::0,osm-node-367913320,55,ride,138034,138036,11707301,33552.0,33576.0,direct
13089023803::polygon::0,osm-node-367913320,56,ride,138036,138038,11707301,33576.0,33603.0,direct
13089023803::polygon::0,osm-node-367913320,57,ride,138038,138040,11707301,33603.0,33622.0,direct
13089023803::polygon::0,osm-node-367913320,58,ride,138040,137014,11707301,33622.0,33660.0,direct
13089023803::polygon::0,osm-node-367913320,59,egress_walk,137014,,,33660.0,33949.687664323144,
13121006900::polygon::4,osm-node-367913209,0,access_walk,,126102,,28800.0,28982.700613980858,
13121006900::polygon::4,osm-node-367913209,1,ride,126102,127068,11697752,29138.0,29190.0,direct
13121006900::polygon::4,osm-node-367913209,2,ride,127068,126074,11697752,29190.0,29236.0,direct
13121006900::polygon::4,osm-node-367913209,3,ride,126074,126078,11697752,29236.0,29270.0,direct
13121006900::polygon::4,osm-node-367913209,4,ride,126078,213324,11697752,29270.0,29373.0,direct
13121006900::polygon::4,osm-node-367913209,5,ride,213324,126038,11697752,29373.0,29400.0,direct
13121006900::polygon::4,osm-node-367913209,6,ride,126038,213325,11697752,29400.0,29432.0,direct
13121006900::polygon::4,osm-node-367913209,7,ride,213325,126044,11697752,29432.0,29470.0,direct
13121006900::polygon::4,osm-node-367913209,8,ride,126044,214400,11697752,29470.0,29530.0,direct
13121006900::polygon::4,osm-node-367913209,9,ride,214400,125046,11697752,29530.0,29588.0,direct
13121006900::polygon::4,osm-node-367913209,10,ride,125046,125048,11697752,29588.0,29616.0,direct
13121006900::polygon::4,osm-node-367913209,11,ride,125048,211170,11697752,29616.0,29686.0,direct
13121006900::polygon::4,osm-node-367913209,12,ride,211170,210596,11697752,29686.0,29735.0,direct
13121006900::polygon::4,osm-node-367913209,13,ride,210596,210616,11697752,29735.0,29805.0,direct
13121006900::polygon::4,osm-node-367913209,14,ride,210616,210617,11697752,29805.0,29830.0,direct
13121006900::polygon::4,osm-node-367913209,15,ride,210617,210618,11697752,29830.0,29861.0,direct
13121006900::polygon::4,osm-node-367913209,16,ride,210618,210619,11697752,29861.0,29902.0,direct
13121006900::polygon::4,osm-node-367913209,17,ride,210619,210620,11697752,29902.0,29929.0,direct
13121006900::polygon::4,osm-node-367913209,18,ride,210620,114146,11697752,29929.0,29969.0,direct
13121006900::polygon::4,osm-node-367913209,19,ride,114146,114142,11697752,29969.0,29994.0,direct
13121006900::polygon::4,osm-node-367913209,20,ride,114142,114138,11697752,29994.0,30014.0,direct
13121006900::polygon::4,osm-node-367913209,21,ride,114138,114132,11697752,30014.0,30046.0,direct
13121006900::polygon::4,osm-node-367913209,22,ride,114132,114236,11697752,30046.0,30081.0,direct
13121006900::polygon::4,osm-node-367913209,23,ride,114236,211700,11697752,30081.0,30120.0,direct
13121006900::polygon::4,osm-node-367913209,24,ride,211700,211693,11697752,30120.0,30140.0,direct
13121006900::polygon::4,osm-node-367913209,25,ride,211693,211695,11697752,30140.0,30177.0,direct
13121006900::polygon::4,osm-node-367913209,26,ride,211695,114014,11697752,30177.0,30295.0,direct
13121006900::polygon::4,osm-node-367913209,27,ride,114014,500332,11697752,30295.0,30360.0,direct
13121006900::polygon::4,osm-node-367913209,28,transfer_walk,500332,908704,,30360.0,30373.2990214646,
13121006900::polygon::4,osm-node-367913209,29,ride,908704,908600,11748239,30720.0,30840.0,walking
13121006900::polygon::4,osm-node-367913209,30,ride,908600,908986,11748239,30840.0,31020.0,direct
13121006900::polygon::4,osm-node-367913209,31,ride,908986,908601,11748239,31020.0,31080.0,direct
13121006900::polygon::4,osm-node-367913209,32,ride,908601,908912,11748239,31080.0,31140.0,direct
13121006900::polygon::4,osm-node-367913209,33,ride,908912,907914,11748239,31140.0,31260.0,direct
13121006900::polygon::4,osm-node-367913209,34,ride,907914,908375,11748239,31260.0,31320.0,direct
13121006900::polygon::4,osm-node-367913209,35,transfer_walk,908375,500292,,31320.0,31361.066417485737,
13121006900::polygon::4,osm-node-367913209,36,ride,500292,600018,11699371,31500.0,31587.0,walking
13121006900::polygon::4,osm-node-367913209,37,ride,600018,904350,11699371,31587.0,31641.0,direct
13121006900::polygon::4,osm-node-367913209,38,ride,904350,904285,11699371,31641.0,31715.0,direct
13121006900::polygon::4,osm-node-367913209,39,ride,904285,905018,11699371,31715.0,31778.0,direct
13121006900::polygon::4,osm-node-367913209,40,ride,905018,905012,11699371,31778.0,31820.0,direct
13121006900::polygon::4,osm-node-367913209,41,ride,905012,904327,11699371,31820.0,31871.0,direct
13121006900::polygon::4,osm-node-367913209,42,ride,904327,904787,11699371,31871.0,31934.0,direct
13121006900::polygon::4,osm-node-367913209,43,ride,904787,904669,11699371,31934.0,31980.0,direct
13121006900::polygon::4,osm-node-367913209,44,ride,904669,904716,11699371,31980.0,32037.0,direct
13121006900::polygon::4,osm-node-367913209,45,ride,904716,904789,11699371,32037.0,32100.0,direct
13121006900::polygon::4,osm-node-367913209,46,ride,904789,902051,11699371,32100.0,32165.0,direct
13121006900::polygon::4,osm-node-367913209,47,ride,902051,901557,11699867,32957.0,33011.0,direct
13121006900::polygon::4,osm-node-367913209,48,ride,901557,902247,11699867,33011.0,33069.0,direct
13121006900::polygon::4,osm-node-367913209,49,ride,902247,902119,11699867,33069.0,33115.0,direct
13121006900::polygon::4,osm-node-367913209,50,ride,902119,902125,11699867,33115.0,33162.0,direct
13121006900::polygon::4,osm-node-367913209,51,ride,902125,902126,11699867,33162.0,33193.0,direct
13121006900::polygon::4,osm-node-367913209,52,ride,902126,902127,11699867,33193.0,33231.0,direct
13121006900::polygon::4,osm-node-367913209,53,ride,902127,902230,11699867,33231.0,33310.0,direct
13121006900::polygon::4,osm-node-367913209,54,ride,902230,902294,11699867,33310.0,33338.0,direct
13121006900::polygon::4,osm-node-367913209,55,ride,902294,902295,11699867,33338.0,33374.0,direct
13121006900::polygon::4,osm-node-367913209,56,ride,902295,902296,11699867,33374.0,33401.0,direct
13121006900::polygon::4,osm-node-367913209,57,ride,902296,901453,11699867,33401.0,33458.0,direct
13121006900::polygon::4,osm-node-367913209,58,ride,901453,901462,11699867,33458.0,33540.0,direct
13121006900::polygon::4,osm-node-367913209,59,ride,901462,901454,11699867,33540.0,33569.0,direct
13121006900::polygon::4,osm-node-367913209,60,egress_walk,901454,,,33569.0,33873.03761175638,
13121008701::polygon::0,osm-way-494884355,0,access_walk,,213427,,28800.0,29082.72082701584,
13121008701::polygon::0,osm-way-494884355,1,ride,213427,902244,11704886,29179.0,29220.0,direct
13121008701::polygon::0,osm-way-494884355,2,ride,902244,213824,11704886,29220.0,29331.0,direct
13121008701::polygon::0,osm-way-494884355,3,ride,213824,901549,11704886,29331.0,29397.0,direct
13121008701::polygon::0,osm-way-494884355,4,ride,901549,211992,11704886,29397.0,29410.0,direct
13121008701::polygon::0,osm-way-494884355,5,ride,211992,214335,11704886,29410.0,29509.0,direct
13121008701::polygon::0,osm-way-494884355,6,ride,214335,903643,11704886,29509.0,29580.0,direct
13121008701::polygon::0,osm-way-494884355,7,ride,903643,903644,11704886,29580.0,29606.0,direct
13121008701::polygon::0,osm-way-494884355,8,ride,903644,900866,11704886,29606.0,29633.0,direct
13121008701::polygon::0,osm-way-494884355,9,ride,900866,900901,11704886,29633.0,29658.0,direct
13121008701::polygon::0,osm-way-494884355,10,ride,900901,900800,11704886,29658.0,29694.0,direct
13121008701::polygon::0,osm-way-494884355,11,ride,900800,900801,11704886,29694.0,29707.0,direct
13121008701::polygon::0,osm-way-494884355,12,ride,900801,903765,11704886,29707.0,29716.0,direct
13121008701::polygon::0,osm-way-494884355,13,ride,903765,900803,11704886,29716.0,29730.0,direct
13121008701::polygon::0,osm-way-494884355,14,ride,900803,900903,11704886,29730.0,29749.0,direct
13121008701::polygon::0,osm-way-494884355,15,ride,900903,900904,11704886,29749.0,29767.0,direct
13121008701::polygon::0,osm-way-494884355,16,ride,900904,900905,11704886,29767.0,29795.0,direct
13121008701::polygon::0,osm-way-494884355,17,ride,900905,901188,11704886,29795.0,29823.0,direct
13121008701::polygon::0,osm-way-494884355,18,ride,901188,901189,11704886,29823.0,29868.0,direct
13121008701::polygon::0,osm-way-494884355,19,transfer_walk,901189,907933,,29868.0,30004.82759801741,
13121008701::polygon::0,osm-way-494884355,20,ride,907933,908023,11747043,30480.0,30660.0,walking
13121008701::polygon::0,osm-way-494884355,21,ride,908023,908963,11747043,30660.0,30840.0,direct
13121008701::polygon::0,osm-way-494884355,22,ride,908963,908958,11747043,30840.0,30900.0,direct
13121008701::polygon::0,osm-way-494884355,23,ride,908958,908435,11747043,30900.0,30960.0,direct
13121008701::polygon::0,osm-way-494884355,24,ride,908435,908981,11747043,30960.0,31020.0,direct
13121008701::polygon::0,osm-way-494884355,25,transfer_walk,908981,908986,,31020.0,31038.331256950256,
13121008701::polygon::0,osm-way-494884355,26,ride,908986,908601,11750563,31320.0,31380.0,walking
13121008701::polygon::0,osm-way-494884355,27,ride,908601,908912,11750563,31380.0,31440.0,direct
13121008701::polygon::0,osm-way-494884355,28,ride,908912,907914,11750563,31440.0,31560.0,direct
13121008701::polygon::0,osm-way-494884355,29,ride,907914,908375,11750563,31560.0,31620.0,direct
13121008701::polygon::0,osm-way-494884355,30,ride,908375,906369,11750563,31620.0,31740.0,direct
13121008701::polygon::0,osm-way-494884355,31,ride,906369,907775,11750563,31740.0,31980.0,direct
13121008701::polygon::0,osm-way-494884355,32,transfer_walk,907775,500280,,31980.0,32003.60040579819,
13121008701::polygon::0,osm-way-494884355,33,ride,500280,900043,11700917,32220.0,32340.0,walking
13121008701::polygon::0,osm-way-494884355,34,ride,900043,900044,11700917,32340.0,32357.0,direct
13121008701::polygon::0,osm-way-494884355,35,ride,900044,900590,11700917,32357.0,32452.0,direct
13121008701::polygon::0,osm-way-494884355,36,ride,900590,900613,11700917,32452.0,32498.0,direct
13121008701::polygon::0,osm-way-494884355,37,ride,900613,900611,11700917,32498.0,32517.0,direct
13121008701::polygon::0,osm-way-494884355,38,ride,900611,900610,11700917,32517.0,32536.0,direct
13121008701::polygon::0,osm-way-494884355,39,ride,900610,900586,11700917,32536.0,32562.0,direct
13121008701::polygon::0,osm-way-494884355,40,ride,900586,901537,11700917,32562.0,32637.0,direct
13121008701::polygon::0,osm-way-494884355,41,ride,901537,901536,11700917,32637.0,32665.0,direct
13121008701::polygon::0,osm-way-494884355,42,ride,901536,901872,11700917,32665.0,32703.0,direct
13121008701::polygon::0,osm-way-494884355,43,ride,901872,901819,11700917,32703.0,32732.0,direct
13121008701::polygon::0,osm-way-494884355,44,ride,901819,901820,11700917,32732.0,32760.0,direct
13121008701::polygon::0,osm-way-494884355,45,ride,901820,901710,11700917,32760.0,32800.0,direct
13121008701::polygon::0,osm-way-494884355,46,ride,901710,902013,11700917,32800.0,32863.0,direct
13121008701::polygon::0,osm-way-494884355,47,ride,902013,902058,11700917,32863.0,32917.0,direct
13121008701::polygon::0,osm-way-494884355,48,ride,902058,901946,11700917,32917.0,32957.0,direct
13121008701::polygon::0,osm-way-494884355,49,ride,901946,901947,11700917,32957.0,33007.0,direct
13121008701::polygon::0,osm-way-494884355,50,ride,901947,600025,11700917,33007.0,33055.0,direct
13121008701::polygon::0,osm-way-494884355,51,ride,600025,901949,11700917,33055.0,33094.0,direct
13121008701::polygon::0,osm-way-494884355,52,ride,901949,600026,11700917,33094.0,33120.0,direct
13121008701::polygon::0,osm-way-494884355,53,ride,600026,902015,11700917,33120.0,33145.0,direct
13121008701::polygon::0,osm-way-494884355,54,ride,902015,600027,11700917,33145.0,33178.0,direct
13121008701::polygon::0,osm-way-494884355,55,ride,600027,902059,11700917,33178.0,33210.0,direct
13121008701::polygon::0,osm-way-494884355,56,ride,902059,901950,11700917,33210.0,33258.0,direct
13121008701::polygon::0,osm-way-494884355,57,ride,901950,901952,11700917,33258.0,33280.0,direct
13121008701::polygon::0,osm-way-494884355,58,egress_walk,901952,,,33280.0,33468.46565651233,
13121008701::polygon::2,osm-way-269246999,0,access_walk,,213034,,28800.0,30586.668895928316,
13121008701::polygon::2,osm-way-269246999,1,ride,213034,901864,11699907,31586.0,31642.0,direct
13121008701::polygon::2,osm-way-269246999,2,ride,901864,901753,11699907,31642.0,31670.0,direct
13121008701::polygon::2,osm-way-269246999,3,ride,901753,901754,11699907,31670.0,31685.0,direct
13121008701::polygon::2,osm-way-269246999,4,ride,901754,901799,11699907,31685.0,31712.0,direct
13121008701::polygon::2,osm-way-269246999,5,ride,901799,900388,11699907,31712.0,31726.0,direct
13121008701::polygon::2,osm-way-269246999,6,ride,900388,900625,11699907,31726.0,31752.0,direct
13121008701::polygon::2,osm-way-269246999,7,ride,900625,900393,11699907,31752.0,31789.0,direct
13121008701::polygon::2,osm-way-269246999,8,ride,900393,900633,11699907,31789.0,31833.0,direct
13121008701::polygon::2,osm-way-269246999,9,ride,900633,900418,11699907,31833.0,31881.0,direct
13121008701::polygon::2,osm-way-269246999,10,ride,900418,900419,11699907,31881.0,31909.0,direct
13121008701::polygon::2,osm-way-269246999,11,ride,900419,900626,11699907,31909.0,31944.0,direct
13121008701::polygon::2,osm-way-269246999,12,ride,900626,214378,11699907,31944.0,32040.0,direct
13121008701::polygon::2,osm-way-269246999,13,ride,214378,900394,11699907,32040.0,32106.0,direct
13121008701::polygon::2,osm-way-269246999,14,ride,900394,213592,11699907,32106.0,32156.0,direct
13121008701::polygon::2,osm-way-269246999,15,ride,213592,901458,11699907,32156.0,32194.0,direct
13121008701::polygon::2,osm-way-269246999,16,ride,901458,901803,11699907,32194.0,32212.0,direct
13121008701::polygon::2,osm-way-269246999,17,ride,901803,901802,11699907,32212.0,32284.0,direct
13121008701::polygon::2,osm-way-269246999,18,ride,901802,901689,11699907,32284.0,32318.0,direct
13121008701::polygon::2,osm-way-269246999,19,ride,901689,901687,11699907,32318.0,32380.0,direct
13121008701::polygon::2,osm-way-269246999,20,ride,901687,901682,11699907,32380.0,32396.0,direct
13121008701::polygon::2,osm-way-269246999,21,ride,901682,901681,11699907,32396.0,32420.0,direct
13121008701::polygon::2,osm-way-269246999,22,egress_walk,901681,,,32420.0,32718.329076474263,
13089022403::polygon::3,osm-way-343312205,0,access_walk,,902218,,28800.0,30035.879236883484,
13089022403::polygon::3,osm-way-343312205,1,ride,902218,901730,11698837,30217.0,30275.0,direct
13089022403::polygon::3,osm-way-343312205,2,ride,901730,901572,11698837,30275.0,30324.0,direct
13089022403::polygon::3,osm-way-343312205,3,ride,901572,901573,11698837,30324.0,30341.0,direct
13089022403::polygon::3,osm-way-343312205,4,ride,901573,901619,11698837,30341.0,30367.0,direct
13089022403::polygon::3,osm-way-343312205,5,ride,901619,901620,11698837,30367.0,30424.0,direct
13089022403::polygon::3,osm-way-343312205,6,ride,901620,901509,11698837,30424.0,30440.0,direct
13089022403::polygon::3,osm-way-343312205,7,ride,901509,901837,11698837,30440.0,30490.0,direct
13089022403::polygon::3,osm-way-343312205,8,ride,901837,901511,11698837,30490.0,30529.0,direct
13089022403::polygon::3,osm-way-343312205,9,ride,901511,901512,11698837,30529.0,30565.0,direct
13089022403::polygon::3,osm-way-343312205,10,ride,901512,901525,11698837,30565.0,30646.0,direct
13089022403::polygon::3,osm-way-343312205,11,ride,901525,902462,11698837,30646.0,30654.0,direct
13089022403::polygon::3,osm-way-343312205,12,ride,902462,902467,11698837,30654.0,30670.0,direct
13089022403::polygon::3,osm-way-343312205,13,ride,902467,902468,11698837,30670.0,30687.0,direct
13089022403::polygon::3,osm-way-343312205,14,ride,902468,902469,11698837,30687.0,30714.0,direct
13089022403::polygon::3,osm-way-343312205,15,ride,902469,902470,11698837,30714.0,30755.0,direct
13089022403::polygon::3,osm-way-343312205,16,ride,902470,902583,11698837,30755.0,30771.0,direct
13089022403::polygon::3,osm-way-343312205,17,ride,902583,902493,11698837,30771.0,30787.0,direct
13089022403::polygon::3,osm-way-343312205,18,ride,902493,902494,11698837,30787.0,30806.0,direct
13089022403::polygon::3,osm-way-343312205,19,ride,902494,902495,11698837,30806.0,30827.0,direct
13089022403::polygon::3,osm-way-343312205,20,ride,902495,902519,11698837,30827.0,30847.0,direct
13089022403::polygon::3,osm-way-343312205,21,ride,902519,902525,11698837,30847.0,30896.0,direct
13089022403::polygon::3,osm-way-343312205,22,ride,902525,904269,11698837,30896.0,30915.0,direct
13089022403::polygon::3,osm-way-343312205,23,ride,904269,904480,11698837,30915.0,30936.0,direct
13089022403::polygon::3,osm-way-343312205,24,ride,904480,902990,11698837,30936.0,30953.0,direct
13089022403::polygon::3,osm-way-343312205,25,ride,902990,904777,11698837,30953.0,30977.0,direct
13089022403::polygon::3,osm-way-343312205,26,ride,904777,904703,11698837,30977.0,31020.0,direct
13089022403::polygon::3,osm-way-343312205,27,ride,904703,904476,11698837,31020.0,31052.0,direct
13089022403::polygon::3,osm-way-343312205,28,ride,904476,904704,11698837,31052.0,31089.0,direct
13089022403::polygon::3,osm-way-343312205,29,ride,904704,904509,11698837,31089.0,31135.0,direct
13089022403::polygon::3,osm-way-343312205,30,ride,904509,904882,11698837,31135.0,31185.0,direct
13089022403::polygon::3,osm-way-343312205,31,ride,904882,904883,11698837,31185.0,31209.0,direct
13089022403::polygon::3,osm-way-343312205,32,ride,904883,904884,11698837,31209.0,31233.0,direct
13089022403::polygon::3,osm-way-343312205,33,ride,904884,906327,11698837,31233.0,31272.0,direct
13089022403::polygon::3,osm-way-343312205,34,ride,906327,901229,11698837,31272.0,31388.0,direct
13089022403::polygon::3,osm-way-343312205,35,ride,901229,901165,11698837,31388.0,31418.0,direct
13089022403::polygon::3,osm-way-343312205,36,ride,901165,500293,11698837,31418.0,31500.0,direct
13089022403::polygon::3,osm-way-343312205,37,transfer_walk,500293,908374,,31500.0,31538.25943526576,
13089022403::polygon::3,osm-way-343312205,38,ride,908374,907913,11750663,31680.0,31740.0,walking
13089022403::polygon::3,osm-way-343312205,39,ride,907913,908911,11750663,31740.0,31800.0,direct
13089022403::polygon::3,osm-way-343312205,40,ride,908911,907842,11750663,31800.0,31860.0,direct
13089022403::polygon::3,osm-way-343312205,41,ride,907842,908976,11750663,31860.0,31980.0,direct
13089022403::polygon::3,osm-way-343312205,42,transfer_walk,908976,908990,,31980.0,32008.79333311861,
13089022403::polygon::3,osm-way-343312205,43,ride,908990,908694,11749455,32280.0,32340.0,walking
13089022403::polygon::3,osm-way-343312205,44,ride,908694,908959,11749455,32340.0,32400.0,direct
13089022403::polygon::3,osm-way-343312205,45,ride,908959,908964,11749455,32400.0,32460.0,direct
13089022403::polygon::3,osm-way-343312205,46,ride,908964,907961,11749455,32460.0,32700.0,direct
13089022403::polygon::3,osm-way-343312205,47,transfer_walk,907961,500121,,32700.0,32715.551022477026,
13089022403::polygon::3,osm-way-343312205,48,ride,500121,903601,11704868,33240.0,33269.0,walking
13089022403::polygon::3,osm-way-343312205,49,ride,903601,904605,11704868,33269.0,33303.0,direct
13089022403::polygon::3,osm-way-343312205,50,ride,904605,903602,11704868,33303.0,33335.0,direct
13089022403::polygon::3,osm-way-343312205,51,ride,903602,903604,11704868,33335.0,33366.0,direct
13089022403::polygon::3,osm-way-343312205,52,ride,903604,904708,11704868,33366.0,33398.0,direct
13089022403::polygon::3,osm-way-343312205,53,ride,904708,904313,11704868,33398.0,33454.0,direct
13089022403::polygon::3,osm-way-343312205,54,ride,904313,901440,11704868,33454.0,33511.0,direct
13089022403::polygon::3,osm-way-343312205,55,ride,901440,901552,11704868,33511.0,33613.0,direct
13089022403::polygon::3,osm-way-343312205,56,ride,901552,902136,11704868,33613.0,33660.0,direct
13089022403::polygon::3,osm-way-343312205,57,ride,902136,213679,11704868,33660.0,33704.0,direct
13089022403::polygon::3,osm-way-343312205,58,ride,213679,901614,11704868,33704.0,33759.0,direct
13089022403::polygon::3,osm-way-343312205,59,ride,901614,211498,11704868,33759.0,33784.0,direct
13089022403::polygon::3,osm-way-343312205,60,ride,211498,902063,11704868,33784.0,33887.0,direct
13089022403::polygon::3,osm-way-343312205,61,ride,902063,902181,11704868,33887.0,33927.0,direct
13089022403::polygon::3,osm-way-343312205,62,ride,902181,902000,11704868,33927.0,33955.0,direct
13089022403::polygon::3,osm-way-343312205,63,ride,902000,211500,11704868,33955.0,33990.0,direct
13089022403::polygon::3,osm-way-343312205,64,ride,211500,211520,11704868,33990.0,34004.0,direct
13089022403::polygon::3,osm-way-343312205,65,ride,211520,901930,11704868,34004.0,34020.0,direct
13089022403::polygon::3,osm-way-343312205,66,ride,901930,211919,11704868,34020.0,34037.0,direct
13089022403::polygon::3,osm-way-343312205,67,ride,211919,901954,11704868,34037.0,34086.0,direct
13089022403::polygon::3,osm-way-343312205,68,ride,901954,901955,11704868,34086.0,34103.0,direct
13089022403::polygon::3,osm-way-343312205,69,ride,901955,901956,11704868,34103.0,34122.0,direct
13089022403::polygon::3,osm-way-343312205,70,ride,901956,901957,11704868,34122.0,34157.0,direct
13089022403::polygon::3,osm-way-343312205,71,ride,901957,213409,11704868,34157.0,34203.0,direct
13089022403::polygon::3,osm-way-343312205,72,ride,213409,902085,11704868,34203.0,34245.0,direct
13089022403::polygon::3,osm-way-343312205,73,ride,902085,213034,11704868,34245.0,34270.0,direct
13089022403::polygon::3,osm-way-343312205,74,egress_walk,213034,,,34270.0,34515.96381730418,
13121008701::polygon::2,osm-node-367913244,0,access_walk,,905159,,28800.0,30658.564289005062,
13121008701::polygon::2,osm-node-367913244,1,ride,905159,902347,11695177,31102.0,31127.0,direct
13121008701::polygon::2,osm-node-367913244,2,ride,902347,902348,11695177,31127.0,31147.0,direct
13121008701::polygon::2,osm-node-367913244,3,ride,902348,902349,11695177,31147.0,31164.0,direct
13121008701::polygon::2,osm-node-367913244,4,ride,902349,902350,11695177,31164.0,31181.0,direct
13121008701::polygon::2,osm-node-367913244,5,ride,902350,902374,11695177,31181.0,31195.0,direct
13121008701::polygon::2,osm-node-367913244,6,ride,902374,902354,11698265,31264.0,31311.0,direct
13121008701::polygon::2,osm-node-367913244,7,ride,902354,902379,11698265,31311.0,31361.0,direct
13121008701::polygon::2,osm-node-367913244,8,ride,902379,902380,11698265,31361.0,31385.0,direct
13121008701::polygon::2,osm-node-367913244,9,ride,902380,904613,11698265,31385.0,31404.0,direct
13121008701::polygon::2,osm-node-367913244,10,ride,904613,904614,11698265,31404.0,31429.0,direct
13121008701::polygon::2,osm-node-367913244,11,ride,904614,213610,11698265,31429.0,31455.0,direct
13121008701::polygon::2,osm-node-367913244,12,ride,213610,904615,11698265,31455.0,31486.0,direct
13121008701::polygon::2,osm-node-367913244,13,ride,904615,904503,11698265,31486.0,31516.0,direct
13121008701::polygon::2,osm-node-367913244,14,ride,904503,904502,11698265,31516.0,31537.0,direct
13121008701::polygon::2,osm-node-367913244,15,ride,904502,905026,11698265,31537.0,31567.0,direct
13121008701::polygon::2,osm-node-367913244,16,ride,905026,905027,11698265,31567.0,31609.0,direct
13121008701::polygon::2,osm-node-367913244,17,ride,905027,500341,11698265,31609.0,31680.0,direct
13121008701::polygon::2,osm-node-367913244,18,transfer_walk,500341,908023,,31680.0,31721.488941420008,
13121008701::polygon::2,osm-node-367913244,19,ride,908023,908963,11747045,31860.0,32040.0,walking
13121008701::polygon::2,osm-node-367913244,20,ride,908963,908958,11747045,32040.0,32100.0,direct
13121008701::polygon::2,osm-node-367913244,21,ride,908958,908435,11747045,32100.0,32160.0,direct
13121008701::polygon::2,osm-node-367913244,22,ride,908435,908981,11747045,32160.0,32220.0,direct
13121008701::polygon::2,osm-node-367913244,23,transfer_walk,908981,908976,,32220.0,32232.428719599837,
13121008701::polygon::2,osm-node-367913244,24,ride,908976,907843,11750664,32700.0,32820.0,walking
13121008701::polygon::2,osm-node-367913244,25,ride,907843,908705,11750664,32820.0,33000.0,direct
13121008701::polygon::2,osm-node-367913244,26,ride,908705,908302,11750664,33000.0,33120.0,direct
13121008701::polygon::2,osm-node-367913244,27,ride,908302,908706,11750664,33120.0,33240.0,direct
13121008701::polygon::2,osm-node-367913244,28,ride,908706,908707,11750664,33240.0,33420.0,direct
13121008701::polygon::2,osm-node-367913244,29,transfer_walk,908707,500185,,33420.0,33558.04682232662,
13121008701::polygon::2,osm-node-367913244,30,ride,500185,146332,11715121,33900.0,33941.0,walking
13121008701::polygon::2,osm-node-367913244,31,ride,146332,210928,11715121,33941.0,34023.0,direct
13121008701::polygon::2,osm-node-367913244,32,ride,210928,210560,11715121,34023.0,34077.0,direct
13121008701::polygon::2,osm-node-367913244,33,ride,210560,146040,11715121,34077.0,34118.0,direct
13121008701::polygon::2,osm-node-367913244,34,ride,146040,158084,11715121,34118.0,34165.0,direct
13121008701::polygon::2,osm-node-367913244,35,ride,158084,158046,11715121,34165.0,34209.0,direct
13121008701::polygon::2,osm-node-367913244,36,ride,158046,158364,11715121,34209.0,34253.0,direct
13121008701::polygon::2,osm-node-367913244,37,ride,158364,158372,11715121,34253.0,34318.0,direct
13121008701::polygon::2,osm-node-367913244,38,ride,158372,158378,11715121,34318.0,34390.0,direct
13121008701::polygon::2,osm-node-367913244,39,ride,158378,148016,11715121,34390.0,34440.0,direct
13121008701::polygon::2,osm-node-367913244,40,ride,148016,158308,11715121,34440.0,34492.0,direct
13121008701::polygon::2,osm-node-367913244,41,ride,158308,158310,11715121,34492.0,34562.0,direct
13121008701::polygon::2,osm-node-367913244,42,ride,158310,158312,11715121,34562.0,34604.0,direct
13121008701::polygon::2,osm-node-367913244,43,ride,158312,158314,11715121,34604.0,34633.0,direct
13121008701::polygon::2,osm-node-367913244,44,ride,158314,159058,11715121,34633.0,34659.0,direct
13121008701::polygon::2,osm-node-367913244,45,ride,159058,159308,11715121,34659.0,34715.0,direct
13121008701::polygon::2,osm-node-367913244,46,ride,159308,159309,11715121,34715.0,34749.0,direct
13121008701::polygon::2,osm-node-367913244,47,ride,159309,159314,11715121,34749.0,34813.0,direct
13121008701::polygon::2,osm-node-367913244,48,egress_walk,159314,,,34813.0,34856.816495561565,
13121008903::polygon::1,osm-way-98280771,0,access_walk,,901687,,28800.0,30537.29742204526,
13121008903::polygon::1,osm-way-98280771,1,ride,901687,901682,11699906,30580.0,30596.0,direct
13121008903::polygon::1,osm-way-98280771,2,ride,901682,901681,11699906,30596.0,30620.0,direct
13121008903::polygon::1,osm-way-98280771,3,ride,901681,901680,11699906,30620.0,30660.0,direct
13121008903::polygon::1,osm-way-98280771,4,ride,901680,901679,11699906,30660.0,30711.0,direct
13121008903::polygon::1,osm-way-98280771,5,ride,901679,901685,11699906,30711.0,30784.0,direct
13121008903::polygon::1,osm-way-98280771,6,ride,901685,901684,11699906,30784.0,30804.0,direct
13121008903::polygon::1,osm-way-98280771,7,ride,901684,901683,11699906,30804.0,30869.0,direct
13121008903::polygon::1,osm-way-98280771,8,ride,901683,901677,11699906,30869.0,30959.0,direct
13121008903::polygon::1,osm-way-98280771,9,ride,901677,902249,11699906,30959.0,30998.0,direct
13121008903::polygon::1,osm-way-98280771,10,ride,902249,901678,11699906,30998.0,31020.0,direct
13121008903::polygon::1,osm-way-98280771,11,ride,901678,901632,11699906,31020.0,31070.0,direct
13121008903::polygon::1,osm-way-98280771,12,ride,901632,901460,11699906,31070.0,31110.0,direct
13121008903::polygon::1,osm-way-98280771,13,ride,901460,901461,11699906,31110.0,31169.0,direct
13121008903::polygon::1,osm-way-98280771,14,ride,901461,902605,11699906,31169.0,31196.0,direct
13121008903::polygon::1,osm-way-98280771,15,ride,902605,901441,11699906,31196.0,31237.0,direct
13121008903::polygon::1,osm-way-98280771,16,ride,901441,904665,11699906,31237.0,31287.0,direct
13121008903::polygon::1,osm-way-98280771,17,ride,904665,904717,11699906,31287.0,31345.0,direct
13121008903::polygon::1,osm-way-98280771,18,ride,904717,904731,11699906,31345.0,31387.0,direct
13121008903::polygon::1,osm-way-98280771,19,ride,904731,904786,11699906,31387.0,31429.0,direct
13121008903::polygon::1,osm-way-98280771,20,ride,904786,214407,11699906,31429.0,31454.0,direct
13121008903::polygon::1,osm-way-98280771,21,ride,214407,904668,11699906,31454.0,31498.0,direct
13121008903::polygon::1,osm-way-98280771,22,ride,904668,905019,11699906,31498.0,31540.0,direct
13121008903::polygon::1,osm-way-98280771,23,ride,905019,905017,11699906,31540.0,31578.0,direct
13121008903::polygon::1,osm-way-98280771,24,ride,905017,904287,11699906,31578.0,31626.0,direct
13121008903::polygon::1,osm-way-98280771,25,ride,904287,904286,11699906,31626.0,31654.0,direct
13121008903::polygon::1,osm-way-98280771,26,ride,904286,904349,11699906,31654.0,31720.0,direct
13121008903::polygon::1,osm-way-98280771,27,ride,904349,500292,11699906,31720.0,31800.0,direct
13121008903::polygon::1,osm-way-98280771,28,transfer_walk,500292,908375,,31800.0,31841.066417485737,
13121008903::polygon::1,osm-way-98280771,29,ride,908375,906369,11750564,32220.0,32340.0,walking
13121008903::polygon::1,osm-way-98280771,30,ride,906369,907775,11750564,32340.0,32580.0,direct
13121008903::polygon::1,osm-way-98280771,31,transfer_walk,907775,500280,,32580.0,32603.60040579819,
13121008903::polygon::1,osm-way-98280771,32,ride,500280,900043,11700918,33120.0,33240.0,walking
13121008903::polygon::1,osm-way-98280771,33,ride,900043,900044,11700918,33240.0,33257.0,direct
13121008903::polygon::1,osm-way-98280771,34,ride,900044,900590,11700918,33257.0,33352.0,direct
13121008903::polygon::1,osm-way-98280771,35,ride,900590,900613,11700918,33352.0,33398.0,direct
13121008903::polygon::1,osm-way-98280771,36,ride,900613,900611,11700918,33398.0,33417.0,direct
13121008903::polygon::1,osm-way-98280771,37,ride,900611,900610,11700918,33417.0,33436.0,direct
13121008903::polygon::1,osm-way-98280771,38,ride,900610,900586,11700918,33436.0,33462.0,direct
13121008903::polygon::1,osm-way-98280771,39,ride,900586,901537,11700918,33462.0,33537.0,direct
13121008903::polygon::1,osm-way-98280771,40,ride,901537,901536,11700918,33537.0,33565.0,direct
13121008903::polygon::1,osm-way-98280771,41,ride,901536,901872,11700918,33565.0,33603.0,direct
13121008903::polygon::1,osm-way-98280771,42,ride,901872,901819,11700918,33603.0,33632.0,direct
13121008903::polygon::1,osm-way-98280771,43,ride,901819,901820,11700918,33632.0,33660.0,direct
13121008903::polygon::1,osm-way-98280771,44,ride,901820,901710,11700918,33660.0,33700.0,direct
13121008903::polygon::1,osm-way-98280771,45,ride,901710,902013,11700918,33700.0,33763.0,direct
13121008903::polygon::1,osm-way-98280771,46,ride,902013,902058,11700918,33763.0,33817.0,direct
13121008903::polygon::1,osm-way-98280771,47,ride,902058,901946,11700918,33817.0,33857.0,direct
13121008903::polygon::1,osm-way-98280771,48,ride,901946,901947,11700918,33857.0,33907.0,direct
13121008903::polygon::1,osm-way-98280771,49,ride,901947,600025,11700918,33907.0,33955.0,direct
13121008903::polygon::1,osm-way-98280771,50,ride,600025,901949,11700918,33955.0,33994.0,direct
13121008903::polygon::1,osm-way-98280771,51,ride,901949,600026,11700918,33994.0,34020.0,direct
13121008903::polygon::1,osm-way-98280771,52,ride,600026,902015,11700918,34020.0,34045.0,direct
13121008903::polygon::1,osm-way-98280771,53,ride,902015,600027,11700918,34045.0,34078.0,direct
13121008903::polygon::1,osm-way-98280771,54,egress_walk,600027,,,34078.0,34338.3504129041,
13121008905::polygon::3,osm-node-7211662360,0,access_walk,,901668,,28800.0,30405.692032449682,
13121008905::polygon::3,osm-node-7211662360,1,ride,901668,901785,11698799,30494.0,30549.0,direct
13121008905::polygon::3,osm-node-7211662360,2,ride,901785,901786,11698799,30549.0,30585.0,direct
13121008905::polygon::3,osm-node-7211662360,3,ride,901786,901787,11698799,30585.0,30630.0,direct
13121008905::polygon::3,osm-node-7211662360,4,ride,901787,901669,11698799,30630.0,30700.0,direct
13121008905::polygon::3,osm-node-7211662360,5,ride,901669,901670,11698799,30700.0,30722.0,direct
13121008905::polygon::3,osm-node-7211662360,6,ride,901670,902020,11698799,30722.0,30769.0,direct
13121008905::polygon::3,osm-node-7211662360,7,ride,902020,901671,11698799,30769.0,30816.0,direct
13121008905::polygon::3,osm-node-7211662360,8,ride,901671,902578,11698799,30816.0,30849.0,direct
13121008905::polygon::3,osm-node-7211662360,9,ride,902578,901446,11698799,30849.0,30900.0,direct
13121008905::polygon::3,osm-node-7211662360,10,ride,901446,210563,11698799,30900.0,30979.0,direct
13121008905::polygon::3,osm-node-7211662360,11,ride,210563,211916,11698799,30979.0,31008.0,direct
13121008905::polygon::3,osm-node-7211662360,12,ride,211916,210380,11698799,31008.0,31040.0,direct
13121008905::polygon::3,osm-node-7211662360,13,ride,210380,902610,11698799,31040.0,31089.0,direct
13121008905::polygon::3,osm-node-7211662360,14,ride,902610,213081,11698799,31089.0,31186.0,direct
13121008905::polygon::3,osm-node-7211662360,15,ride,213081,214407,11698799,31186.0,31286.0,direct
13121008905::polygon::3,osm-node-7211662360,16,ride,214407,904668,11698799,31286.0,31329.0,direct
13121008905::polygon::3,osm-node-7211662360,17,ride,904668,905019,11698799,31329.0,31370.0,direct
13121008905::polygon::3,osm-node-7211662360,18,ride,905019,905017,11698799,31370.0,31407.0,direct
13121008905::polygon::3,osm-node-7211662360,19,ride,905017,904287,11698799,31407.0,31453.0,direct
13121008905::polygon::3,osm-node-7211662360,20,ride,904287,904286,11698799,31453.0,31480.0,direct
13121008905::polygon::3,osm-node-7211662360,21,ride,904286,904349,11698799,31480.0,31544.0,direct
13121008905::polygon::3,osm-node-7211662360,22,ride,904349,214116,11698799,31544.0,31620.0,direct
13121008905::polygon::3,osm-node-7211662360,23,transfer_walk,214116,908374,,31620.0,31639.228099161548,
13121008905::polygon::3,osm-node-7211662360,24,ride,908374,907913,11748336,32040.0,32100.0,walking
13121008905::polygon::3,osm-node-7211662360,25,ride,907913,908911,11748336,32100.0,32160.0,direct
13121008905::polygon::3,osm-node-7211662360,26,ride,908911,907842,11748336,32160.0,32220.0,direct
13121008905::polygon::3,osm-node-7211662360,27,ride,907842,908976,11748336,32220.0,32340.0,direct
13121008905::polygon::3,osm-node-7211662360,28,transfer_walk,908976,908981,,32340.0,32352.428719599837,
13121008905::polygon::3,osm-node-7211662360,29,ride,908981,908696,11749354,32520.0,32580.0,walking
13121008905::polygon::3,osm-node-7211662360,30,ride,908696,908436,11749354,32580.0,32700.0,direct
13121008905::polygon::3,osm-node-7211662360,31,ride,908436,908437,11749354,32700.0,32880.0,direct
13121008905::polygon::3,osm-node-7211662360,32,ride,908437,908699,11749354,32880.0,33000.0,direct
13121008905::polygon::3,osm-node-7211662360,33,ride,908699,908566,11747046,33300.0,33480.0,direct
13121008905::polygon::3,osm-node-7211662360,34,ride,908566,908700,11747046,33480.0,33660.0,direct
13121008905::polygon::3,osm-node-7211662360,35,transfer_walk,908700,214040,,33660.0,33843.22612495765,
13121008905::polygon::3,osm-node-7211662360,36,ride,214040,214276,11701454,34218.0,34277.0,walking
13121008905::polygon::3,osm-node-7211662360,37,ride,214276,904742,11701454,34277.0,34339.0,direct
13121008905::polygon::3,osm-node-7211662360,38,ride,904742,904744,11701454,34339.0,34397.0,direct
13121008905::polygon::3,osm-node-7211662360,39,ride,904744,904861,11701454,34397.0,34421.0,direct
13121008905::polygon::3,osm-node-7211662360,40,ride,904861,905101,11701454,34421.0,34446.0,direct
13121008905::polygon::3,osm-node-7211662360,41,ride,905101,905102,11701454,34446.0,34465.0,direct
13121008905::polygon::3,osm-node-7211662360,42,ride,905102,905103,11701454,34465.0,34520.0,direct
13121008905::polygon::3,osm-node-7211662360,43,ride,905103,905104,11701454,34520.0,34553.0,direct
13121008905::polygon::3,osm-node-7211662360,44,ride,905104,905986,11701454,34553.0,34599.0,direct
13121008905::polygon::3,osm-node-7211662360,45,ride,905986,905912,11701454,34599.0,34632.0,direct
13121008905::polygon::3,osm-node-7211662360,46,ride,905912,905913,11701454,34632.0,34657.0,direct
13121008905::polygon::3,osm-node-7211662360,47,ride,905913,905914,11701454,34657.0,34694.0,direct
13121008905::polygon::3,osm-node-7211662360,48,ride,905914,905915,11701454,34694.0,34715.0,direct
13121008905::polygon::3,osm-node-7211662360,49,ride,905915,906030,11701454,34715.0,34800.0,direct
13121008905::polygon::3,osm-node-7211662360,50,ride,906030,906031,11701454,34800.0,34833.0,direct
13121008905::polygon::3,osm-node-7211662360,51,ride,906031,903579,11701454,34833.0,34896.0,direct
13121008905::polygon::3,osm-node-7211662360,52,ride,903579,903581,11701454,34896.0,34980.0,direct
13121008905::polygon::3,osm-node-7211662360,53,egress_walk,903581,,,34980.0,35050.02981084478,
